id,first_name,last_name,email
1,Isidor,Eckh,ieckh0@moonfruit.com
2,Nerty,Bamlett,nbamlett1@nifty.com
3,Grace,Hengoed,ghengoed2@apple.com
4,Emelen,Hanscom,ehanscom3@bigcartel.com
5,Dav,Sayce,dsayce4@tumblr.com
6,Zack,Obington,zobington5@printfriendly.com
7,Tammy,Eastham,teastham6@columbia.edu
8,Lianne,Rushton,lrushton7@multiply.com
9,Matthieu,Greville,mgreville8@is.gd
10,Hyacinthie,Weatherburn,hweatherburn9@weebly.com
11,Celina,Covely,ccovelya@usda.gov
12,Halimeda,Castel,hcastelb@walmart.com
13,Drona,Behr,dbehrc@istockphoto.com
14,Anselma,Deegan,adeegand@amazon.de
15,Charles,Paolacci,cpaolaccie@cdbaby.com
16,Simonette,Beamson,sbeamsonf@ycombinator.com
17,Emelita,Benoi,ebenoig@earthlink.net
18,Allayne,Burkhill,aburkhillh@wunderground.com
19,Verine,Maund,vmaundi@dailymotion.com
20,Sigismondo,Levy,slevyj@liveinternet.ru
21,Felita,Rougier,frougierk@hao123.com
22,Eddy,Schnitter,eschnitterl@mac.com
23,Nico,Hammerstone,nhammerstonem@163.com
24,Erminia,Hegarty,ehegartyn@utexas.edu
25,Courtnay,Spikeings,cspikeingso@kickstarter.com
26,Erv,Orbell,eorbellp@rediff.com
27,Casi,Ferrieres,cferrieresq@barnesandnoble.com
28,Gwennie,Goskar,ggoskarr@odnoklassniki.ru
29,Royall,Bellchamber,rbellchambers@t.co
30,Sheila-kathryn,Wellard,swellardt@diigo.com
31,Dall,Longbothom,dlongbothomu@sbwire.com
32,Kingsley,Arlett,karlettv@smh.com.au
33,Heather,D'Adamo,hdadamow@symantec.com
34,Kyle,Spear,kspearx@statcounter.com
35,Reinaldo,Strut,rstruty@sfgate.com
36,Kip,Barrowclough,kbarrowcloughz@virginia.edu
37,Gasper,Exelby,gexelby10@sciencedirect.com
38,Orion,Winton,owinton11@google.com.hk
39,Chrysa,Fominov,cfominov12@springer.com
40,Marietta,Hannah,mhannah13@seesaa.net
41,Gregg,Beri,gberi14@nbcnews.com
42,Gregory,Jiles,gjiles15@jiathis.com
43,Corney,Lebarree,clebarree16@mapquest.com
44,Justine,Roycroft,jroycroft17@cocolog-nifty.com
45,Nadine,Rawcliffe,nrawcliffe18@sun.com
46,Oralie,Cottel,ocottel19@home.pl
47,Kip,MacPharlain,kmacpharlain1a@yelp.com
48,Nikola,Newbigging,nnewbigging1b@wikispaces.com
49,Franklin,Duinkerk,fduinkerk1c@reddit.com
50,Erin,Suermeier,esuermeier1d@123-reg.co.uk
51,Jodi,Lamburne,jlamburne1e@rambler.ru
52,Brendan,Shoulders,bshoulders1f@wufoo.com
53,Larina,Warrillow,lwarrillow1g@technorati.com
54,North,Brelsford,nbrelsford1h@fastcompany.com
55,Evanne,Lammas,elammas1i@tripadvisor.com
56,Tessie,D'Abbot-Doyle,tdabbotdoyle1j@mozilla.org
57,Evin,Jordanson,ejordanson1k@flavors.me
58,Jarrid,Abramcik,jabramcik1l@wix.com
59,Peter,Wallentin,pwallentin1m@multiply.com
60,Emmie,Jordine,ejordine1n@symantec.com
61,Shani,Forte,sforte1o@nsw.gov.au
62,Robenia,Hymer,rhymer1p@youtu.be
63,Nicolais,Souch,nsouch1q@zdnet.com
64,Merrili,Gebhard,mgebhard1r@amazonaws.com
65,Cal,Battson,cbattson1s@tripod.com
66,Jasper,Furneaux,jfurneaux1t@zimbio.com
67,Tiff,Foucar,tfoucar1u@amazon.de
68,Elsie,Yoseloff,eyoseloff1v@studiopress.com
69,Etta,Gluyus,egluyus1w@histats.com
70,Anneliese,Petrello,apetrello1x@ovh.net
71,Eyde,Buncher,ebuncher1y@nifty.com
72,Mandy,Garn,mgarn1z@google.nl
73,Malvina,Tatham,mtatham20@gravatar.com
74,Brook,Cabena,bcabena21@symantec.com
75,Kimmy,Morando,kmorando22@businessweek.com
76,Corney,Kilgrew,ckilgrew23@senate.gov
77,Raine,Shenley,rshenley24@discovery.com
78,Adelina,Oliffe,aoliffe25@liveinternet.ru
79,Sharai,Royce,sroyce26@irs.gov
80,Robert,Duly,rduly27@nationalgeographic.com
81,Verne,Fautley,vfautley28@discovery.com
82,Vanda,Aspinal,vaspinal29@jiathis.com
83,Whitney,Spendley,wspendley2a@amazonaws.com
84,Paddie,Wehden,pwehden2b@virginia.edu
85,Cordie,Card,ccard2c@bing.com
86,Barbee,Savins,bsavins2d@oaic.gov.au
87,Ricki,Livingstone,rlivingstone2e@state.gov
88,Carmina,Halfhide,chalfhide2f@comsenz.com
89,Rosalinde,Brideau,rbrideau2g@google.fr
90,Kailey,Restieaux,krestieaux2h@fastcompany.com
91,Xavier,Bridewell,xbridewell2i@163.com
92,Roxana,Porter,rporter2j@telegraph.co.uk
93,Rogers,Jozefowicz,rjozefowicz2k@qq.com
94,Erastus,Tompkin,etompkin2l@com.com
95,Lacee,Care,lcare2m@virginia.edu
96,Cristin,Swancock,cswancock2n@toplist.cz
97,Melamie,Broadfoot,mbroadfoot2o@webmd.com
98,Broddy,Markus,bmarkus2p@marketwatch.com
99,Briny,MacNeish,bmacneish2q@typepad.com
100,Mitzi,Kordova,mkordova2r@mashable.com
101,Seamus,Byer,sbyer2s@indiegogo.com
102,Loralee,Eagles,leagles2t@surveymonkey.com
103,Thoma,Rackley,trackley2u@ox.ac.uk
104,Eleanora,Grumell,egrumell2v@aol.com
105,Avrit,Stanlake,astanlake2w@fastcompany.com
106,Orbadiah,Moncur,omoncur2x@archive.org
107,Samantha,Janway,sjanway2y@photobucket.com
108,Waiter,Dodsley,wdodsley2z@gov.uk
109,Xenos,Cawthery,xcawthery30@linkedin.com
110,Ailsun,Spawforth,aspawforth31@histats.com
111,Basilio,Burt,bburt32@purevolume.com
112,Marcella,Reimer,mreimer33@japanpost.jp
113,Nester,Pendle,npendle34@prweb.com
114,Daren,D'Almeida,ddalmeida35@earthlink.net
115,Gram,Cord,gcord36@merriam-webster.com
116,Rollie,Charity,rcharity37@go.com
117,Carlin,Kermeen,ckermeen38@google.fr
118,Pippo,Rougier,prougier39@hubpages.com
119,Felike,Bambrough,fbambrough3a@tmall.com
120,Gustaf,Jendricke,gjendricke3b@wisc.edu
121,Hetty,Laverenz,hlaverenz3c@reverbnation.com
122,Colver,Petrovsky,cpetrovsky3d@unc.edu
123,Zelig,Skeldon,zskeldon3e@hud.gov
124,Candy,Vernalls,cvernalls3f@wikipedia.org
125,Arman,Bruckman,abruckman3g@marriott.com
126,Ivy,Duigenan,iduigenan3h@ted.com
127,Stoddard,Dunthorn,sdunthorn3i@shinystat.com
128,Rosanna,Scalera,rscalera3j@arstechnica.com
129,Julianna,Shevlan,jshevlan3k@wix.com
130,Atalanta,Storkes,astorkes3l@qq.com
131,Henrieta,Carss,hcarss3m@skyrock.com
132,Bendick,Rabat,brabat3n@hao123.com
133,Roch,Thow,rthow3o@eventbrite.com
134,Flinn,Wink,fwink3p@examiner.com
135,Arni,Colliford,acolliford3q@bravesites.com
136,Winny,Cubbinelli,wcubbinelli3r@arstechnica.com
137,Gearalt,Bourley,gbourley3s@stumbleupon.com
138,Granger,Cicculi,gcicculi3t@usnews.com
139,Siward,Janes,sjanes3u@networksolutions.com
140,Morgen,Warbrick,mwarbrick3v@comsenz.com
141,Bree,Vittore,bvittore3w@vkontakte.ru
142,Alvinia,Retallack,aretallack3x@live.com
143,Rici,McDougall,rmcdougall3y@hexun.com
144,Cheryl,Juggins,cjuggins3z@google.pl
145,Lyndy,Roderighi,lroderighi40@ibm.com
146,Goldie,Palmar,gpalmar41@patch.com
147,Tymon,Philbrick,tphilbrick42@fotki.com
148,Kattie,Erni,kerni43@cornell.edu
149,Monroe,Raddish,mraddish44@netscape.com
150,Ancell,Rumming,arumming45@usda.gov
151,Darrin,Petican,dpetican46@php.net
152,Jacynth,Derell,jderell47@reference.com
153,Mac,Leaney,mleaney48@cpanel.net
154,Kylynn,Laurenceau,klaurenceau49@salon.com
155,Konrad,Baber,kbaber4a@baidu.com
156,Toby,Whyberd,twhyberd4b@deliciousdays.com
157,Andra,Clark,aclark4c@feedburner.com
158,Emmit,Le Brun,elebrun4d@soup.io
159,Opaline,Bonnar,obonnar4e@oaic.gov.au
160,Nonie,Tremberth,ntremberth4f@chronoengine.com
161,Dodie,Housin,dhousin4g@creativecommons.org
162,Hyman,MacKegg,hmackegg4h@csmonitor.com
163,Gratiana,Murthwaite,gmurthwaite4i@acquirethisname.com
164,Sherill,Reschke,sreschke4j@businessweek.com
165,Nicky,Eddy,neddy4k@businessinsider.com
166,Becki,Gozard,bgozard4l@patch.com
167,Crystal,Reitenbach,creitenbach4m@mayoclinic.com
168,Merla,Harrow,mharrow4n@over-blog.com
169,Christyna,Tesdale,ctesdale4o@weebly.com
170,Lucretia,Margrem,lmargrem4p@networkadvertising.org
171,Zondra,Loude,zloude4q@japanpost.jp
172,Adelina,Giovanetti,agiovanetti4r@unblog.fr
173,Patric,Itzak,pitzak4s@wunderground.com
174,Galvin,Ledes,gledes4t@cmu.edu
175,Kore,Crocetto,kcrocetto4u@vkontakte.ru
176,Dane,Ivanov,divanov4v@washington.edu
177,Lorant,McIlrath,lmcilrath4w@printfriendly.com
178,Cate,Shannon,cshannon4x@ucla.edu
179,Verne,Kemmet,vkemmet4y@bloglovin.com
180,Cy,Manser,cmanser4z@163.com
181,Karen,Snuggs,ksnuggs50@bandcamp.com
182,Henrieta,Tripon,htripon51@delicious.com
183,Tamarah,McCague,tmccague52@edublogs.org
184,Mareah,Sperrett,msperrett53@theglobeandmail.com
185,Stan,Goldsworthy,sgoldsworthy54@163.com
186,Nadine,Fettes,nfettes55@ucsd.edu
187,Rheba,Wiz,rwiz56@about.me
188,Jeanie,Soff,jsoff57@ehow.com
189,Porty,McPaike,pmcpaike58@alibaba.com
190,Allison,Neubigin,aneubigin59@skyrock.com
191,Anissa,MacRierie,amacrierie5a@washington.edu
192,Florinda,Pavlovsky,fpavlovsky5b@wikia.com
193,Armando,Gareisr,agareisr5c@infoseek.co.jp
194,Adah,Hartzenberg,ahartzenberg5d@tuttocitta.it
195,Jeremias,Sickamore,jsickamore5e@deliciousdays.com
196,Janice,Troke,jtroke5f@yale.edu
197,Antonella,Guess,aguess5g@barnesandnoble.com
198,Davie,Drakeley,ddrakeley5h@opensource.org
199,Loreen,Moulder,lmoulder5i@spiegel.de
200,Corine,Wichard,cwichard5j@people.com.cn
201,Chucho,Lidgate,clidgate5k@illinois.edu
202,Cordie,De Meis,cdemeis5l@ox.ac.uk
203,Giselbert,Laughlin,glaughlin5m@nationalgeographic.com
204,Adelbert,Clover,aclover5n@wikimedia.org
205,Karlen,Cokly,kcokly5o@hhs.gov
206,Allianora,Udale,audale5p@freewebs.com
207,Cathrine,Lerwell,clerwell5q@vkontakte.ru
208,Amber,Swyer,aswyer5r@sitemeter.com
209,Kirstin,Berger,kberger5s@bandcamp.com
210,Elissa,Vinall,evinall5t@amazon.com
211,Shari,Eustice,seustice5u@ted.com
212,Clementia,Francois,cfrancois5v@free.fr
213,Jillayne,Grafom,jgrafom5w@ezinearticles.com
214,Rance,Upton,rupton5x@dion.ne.jp
215,Marcellus,Noyes,mnoyes5y@issuu.com
216,Kellby,Langmaid,klangmaid5z@ning.com
217,Melba,Vakhlov,mvakhlov60@pbs.org
218,Fanchette,Abbe,fabbe61@hud.gov
219,Tracie,Franciotti,tfranciotti62@tinyurl.com
220,Hester,Pointer,hpointer63@tumblr.com
221,Jacky,Primett,jprimett64@netscape.com
222,Victoria,Kupisz,vkupisz65@netscape.com
223,Imojean,Mitchiner,imitchiner66@dmoz.org
224,Rand,Garry,rgarry67@nasa.gov
225,Osborne,Quinby,oquinby68@bigcartel.com
226,Carey,Woller,cwoller69@meetup.com
227,Carney,Hiers,chiers6a@noaa.gov
228,Pearla,Edgler,pedgler6b@seesaa.net
229,Corrianne,Birkby,cbirkby6c@howstuffworks.com
230,Gasper,Shorte,gshorte6d@unblog.fr
231,Adriana,Schumacher,aschumacher6e@behance.net
232,Laurie,McQuorkell,lmcquorkell6f@vinaora.com
233,Frasier,Giddons,fgiddons6g@stanford.edu
234,Menard,Windmill,mwindmill6h@noaa.gov
235,Shanna,Traice,straice6i@purevolume.com
236,Carolus,Karlsson,ckarlsson6j@cyberchimps.com
237,Elias,Blinkhorn,eblinkhorn6k@patch.com
238,Wiley,Emmert,wemmert6l@networksolutions.com
239,Christye,Dmiterko,cdmiterko6m@feedburner.com
240,Ferguson,Do Rosario,fdorosario6n@mapquest.com
241,Randy,Turrill,rturrill6o@surveymonkey.com
242,Yale,Chatburn,ychatburn6p@slideshare.net
243,Dwayne,Weall,dweall6q@cnn.com
244,Leroy,Verson,lverson6r@whitehouse.gov
245,Nicolais,Grigolon,ngrigolon6s@cdbaby.com
246,Lyman,Bedlington,lbedlington6t@cornell.edu
247,Abeu,Tuckerman,atuckerman6u@youtu.be
248,Olympe,Domelow,odomelow6v@senate.gov
249,Humberto,Louisot,hlouisot6w@theatlantic.com
250,Broddy,Nolleth,bnolleth6x@baidu.com
251,Esmaria,Bome,ebome6y@dmoz.org
252,Olivero,Quixley,oquixley6z@adobe.com
253,Margret,Luckey,mluckey70@foxnews.com
254,Eleonore,Chapleo,echapleo71@columbia.edu
255,Rosanne,Barthod,rbarthod72@arizona.edu
256,Isacco,Reddell,ireddell73@ebay.com
257,Iggy,Keemer,ikeemer74@tripod.com
258,Jorey,Cagan,jcagan75@github.io
259,Jaine,Rosander,jrosander76@e-recht24.de
260,Lidia,Blakebrough,lblakebrough77@stanford.edu
261,Josephina,Patty,jpatty78@wp.com
262,Arleyne,Cadell,acadell79@163.com
263,Moses,Starmont,mstarmont7a@ezinearticles.com
264,Monro,Oxford,moxford7b@buzzfeed.com
265,Petronille,De Zamudio,pdezamudio7c@flavors.me
266,Marris,Hagan,mhagan7d@chicagotribune.com
267,Jackelyn,Pahl,jpahl7e@theatlantic.com
268,Katharyn,Jansey,kjansey7f@jimdo.com
269,Niko,Batham,nbatham7g@so-net.ne.jp
270,Germaine,Vasilyev,gvasilyev7h@freewebs.com
271,Nadeen,Thirtle,nthirtle7i@exblog.jp
272,Lorenza,Simonyi,lsimonyi7j@scribd.com
273,Troy,Pothecary,tpothecary7k@exblog.jp
274,Vaclav,Luce,vluce7l@cyberchimps.com
275,James,Czajkowska,jczajkowska7m@prweb.com
276,Chickie,Gebbe,cgebbe7n@bigcartel.com
277,Klarika,Corbin,kcorbin7o@china.com.cn
278,Ogdon,Studholme,ostudholme7p@paypal.com
279,Joseph,Mellodey,jmellodey7q@epa.gov
280,Selie,Sager,ssager7r@gov.uk
281,Annissa,Moorfield,amoorfield7s@jalbum.net
282,Abelard,Rapp,arapp7t@dot.gov
283,Luella,Darlow,ldarlow7u@bravesites.com
284,Grantley,Brickstock,gbrickstock7v@taobao.com
285,Mathias,Van den Dael,mvandendael7w@ucoz.com
286,Jemmie,Farmiloe,jfarmiloe7x@yale.edu
287,Aldridge,Prettejohns,aprettejohns7y@ovh.net
288,Loralee,Cussen,lcussen7z@friendfeed.com
289,Marigold,Hecks,mhecks80@chicagotribune.com
290,Xever,Cumine,xcumine81@geocities.com
291,Elyse,Lowthorpe,elowthorpe82@dion.ne.jp
292,Bo,Arundel,barundel83@123-reg.co.uk
293,Estelle,Rean,erean84@bravesites.com
294,Shanna,Jackes,sjackes85@tamu.edu
295,Robenia,Winship,rwinship86@seattletimes.com
296,Millicent,Drover,mdrover87@thetimes.co.uk
297,Peterus,Gask,pgask88@so-net.ne.jp
298,Wald,Archanbault,warchanbault89@intel.com
299,Kaila,Buckberry,kbuckberry8a@behance.net
300,Magdaia,Gladding,mgladding8b@google.de
301,Virginie,Kennaird,vkennaird8c@webeden.co.uk
302,Janean,Woodham,jwoodham8d@shareasale.com
303,Gray,Debnam,gdebnam8e@godaddy.com
304,Holly,Tattersfield,htattersfield8f@ifeng.com
305,Jule,Roycroft,jroycroft8g@nature.com
306,Umeko,McCerery,umccerery8h@cbc.ca
307,Carissa,Gobell,cgobell8i@si.edu
308,Alanah,Delves,adelves8j@shutterfly.com
309,Xaviera,Findlay,xfindlay8k@who.int
310,Elane,Atheis,eatheis8l@japanpost.jp
311,Chery,Cockson,ccockson8m@economist.com
312,Johanna,Cornejo,jcornejo8n@cnbc.com
313,Tallou,Parriss,tparriss8o@addthis.com
314,Rosella,Gianetti,rgianetti8p@mapquest.com
315,Danie,Dodsley,ddodsley8q@dyndns.org
316,Ernestus,Palin,epalin8r@ameblo.jp
317,York,Arnecke,yarnecke8s@amazon.com
318,Warde,Launchbury,wlaunchbury8t@netscape.com
319,Freeman,Stirrup,fstirrup8u@chron.com
320,Skye,Maultby,smaultby8v@opera.com
321,Glynn,Sollas,gsollas8w@nasa.gov
322,Jordanna,Shireff,jshireff8x@weibo.com
323,Myrilla,Apedaile,mapedaile8y@guardian.co.uk
324,Andeee,Wapplington,awapplington8z@godaddy.com
325,Melamie,Cuniffe,mcuniffe90@unicef.org
326,Stephenie,Kilkenny,skilkenny91@facebook.com
327,Marmaduke,Deboick,mdeboick92@umich.edu
328,Moreen,Lies,mlies93@nymag.com
329,Vidovic,Watkinson,vwatkinson94@berkeley.edu
330,Annabel,Mallon,amallon95@fastcompany.com
331,Anni,O'Feeny,aofeeny96@ning.com
332,Blaine,Rodda,brodda97@fema.gov
333,Doe,Pavinese,dpavinese98@bandcamp.com
334,Immanuel,Deshorts,ideshorts99@geocities.com
335,Margarete,Chatt,mchatt9a@stumbleupon.com
336,Rutger,Peplaw,rpeplaw9b@cafepress.com
337,Lynnelle,Gale,lgale9c@vimeo.com
338,Ambur,Lyle,alyle9d@wisc.edu
339,Milly,Gearing,mgearing9e@netscape.com
340,Avril,Nice,anice9f@theatlantic.com
341,Dar,Lay,dlay9g@berkeley.edu
342,Benedick,Boston,bboston9h@spotify.com
343,Windy,Wink,wwink9i@bloglines.com
344,Addy,Di Angelo,adiangelo9j@technorati.com
345,Leupold,Hazeldene,lhazeldene9k@google.co.uk
346,Georgi,Sleaford,gsleaford9l@state.gov
347,Jareb,Warricker,jwarricker9m@bbc.co.uk
348,Ketty,Moffatt,kmoffatt9n@ameblo.jp
349,Venita,Henricsson,vhenricsson9o@qq.com
350,Tiler,Isherwood,tisherwood9p@sina.com.cn
351,Tallia,Melchior,tmelchior9q@cbslocal.com
352,Lyndell,Benois,lbenois9r@spotify.com
353,Clarette,Ibbitson,cibbitson9s@admin.ch
354,Bert,Eard,beard9t@nyu.edu
355,Fitz,McGlynn,fmcglynn9u@pen.io
356,Raddy,Caulcutt,rcaulcutt9v@topsy.com
357,Gus,Butchart,gbutchart9w@odnoklassniki.ru
358,Siusan,Carnie,scarnie9x@ftc.gov
359,Crichton,Clemmitt,cclemmitt9y@yelp.com
360,Joelynn,Sitwell,jsitwell9z@sohu.com
361,Winnie,Cammoile,wcammoilea0@walmart.com
362,Kandy,Tift,ktifta1@wikipedia.org
363,Welsh,Hearl,whearla2@posterous.com
364,Dalston,Bantham,dbanthama3@blinklist.com
365,Ursuline,Donwell,udonwella4@cpanel.net
366,Rosene,Lillgard,rlillgarda5@printfriendly.com
367,Cilka,Puden,cpudena6@mac.com
368,Levey,Ivchenko,livchenkoa7@theguardian.com
369,Domeniga,Aspinal,daspinala8@tuttocitta.it
370,Ruperta,Inworth,rinwortha9@jalbum.net
371,Peadar,Keynd,pkeyndaa@ft.com
372,Tish,Frangello,tfrangelloab@last.fm
373,Elisha,Gibbon,egibbonac@loc.gov
374,Barbey,Ashburne,bashburnead@netscape.com
375,Alyssa,Axworthy,aaxworthyae@oaic.gov.au
376,Sabra,Conti,scontiaf@mit.edu
377,Anna,Clashe,aclasheag@icq.com
378,Tadio,Maddison,tmaddisonah@chronoengine.com
379,Tasia,Degue,tdegueai@imgur.com
380,Murry,Klimt,mklimtaj@nasa.gov
381,Valdemar,Slayny,vslaynyak@disqus.com
382,Ashien,Stoakley,astoakleyal@omniture.com
383,Helga,Freake,hfreakeam@businessinsider.com
384,Annadiane,Wildber,awildberan@usda.gov
385,Ardisj,MacDonell,amacdonellao@usda.gov
386,Cliff,Shiliton,cshilitonap@yahoo.com
387,Eloisa,Belli,ebelliaq@ft.com
388,Jeannette,Reddington,jreddingtonar@constantcontact.com
389,Vinni,Barbisch,vbarbischas@deviantart.com
390,Teresa,Tattam,ttattamat@ebay.com
391,Emelyne,Wharlton,ewharltonau@uol.com.br
392,Gloriana,Chomley,gchomleyav@sohu.com
393,Moise,Valler,mvalleraw@odnoklassniki.ru
394,Helsa,Gover,hgoverax@opensource.org
395,Mortie,Starking,mstarkingay@creativecommons.org
396,Brien,Oddboy,boddboyaz@omniture.com
397,Norris,Hymers,nhymersb0@ebay.co.uk
398,Dall,Nitti,dnittib1@cbc.ca
399,Care,Belvard,cbelvardb2@pagesperso-orange.fr
400,Aileen,Jowitt,ajowittb3@hp.com
401,Sharline,Jablonski,sjablonskib4@marriott.com
402,Rutledge,Caddie,rcaddieb5@dropbox.com
403,Joelie,Lille,jlilleb6@reference.com
404,Adelice,Petraitis,apetraitisb7@forbes.com
405,Elvyn,Dungay,edungayb8@furl.net
406,Gail,Pedlow,gpedlowb9@ning.com
407,Carley,Thurborn,cthurbornba@hexun.com
408,Ricki,Gewer,rgewerbb@wikimedia.org
409,Kristoforo,Fermor,kfermorbc@amazon.com
410,Georgette,Borit,gboritbd@jiathis.com
411,Candie,Jolliff,cjolliffbe@nsw.gov.au
412,Egbert,Rosenfeld,erosenfeldbf@eventbrite.com
413,Tedman,Juckes,tjuckesbg@shop-pro.jp
414,Leicester,Cookman,lcookmanbh@smugmug.com
415,Elsie,Lorence,elorencebi@sitemeter.com
416,Shaylyn,Tremonte,stremontebj@sakura.ne.jp
417,Albina,Chasemore,achasemorebk@indiegogo.com
418,Emanuele,Weiser,eweiserbl@wired.com
419,Avivah,Kilpatrick,akilpatrickbm@furl.net
420,Mandel,Bonner,mbonnerbn@netvibes.com
421,Elonore,Aulds,eauldsbo@lycos.com
422,Clevey,Readwood,creadwoodbp@mtv.com
423,Joye,McCoughan,jmccoughanbq@feedburner.com
424,Ulick,Philot,uphilotbr@java.com
425,Jerad,Connealy,jconnealybs@latimes.com
426,Burgess,Oliveira,boliveirabt@wisc.edu
427,Franny,Stouther,fstoutherbu@guardian.co.uk
428,Juline,Emett,jemettbv@hud.gov
429,Winni,Tschirasche,wtschiraschebw@cornell.edu
430,Darda,Andrasch,dandraschbx@goo.gl
431,Dode,Worsham,dworshamby@cbc.ca
432,Quintilla,Glaister,qglaisterbz@github.io
433,Hubie,Crissil,hcrissilc0@sfgate.com
434,Axe,Jirik,ajirikc1@state.tx.us
435,Maure,McKoy,mmckoyc2@barnesandnoble.com
436,Egon,Brockett,ebrockettc3@behance.net
437,Devy,Sibson,dsibsonc4@statcounter.com
438,Glen,Gwatkins,ggwatkinsc5@nyu.edu
439,Ambur,Penhalurick,apenhalurickc6@google.co.uk
440,Ursula,Lukehurst,ulukehurstc7@unblog.fr
441,Kessia,Butcher,kbutcherc8@bbb.org
442,Saunders,Doble,sdoblec9@biglobe.ne.jp
443,Say,Jiracek,sjiracekca@blogtalkradio.com
444,Chancey,Havile,chavilecb@tmall.com
445,Nicholas,Pyrton,npyrtoncc@cpanel.net
446,Rosa,Shenfisch,rshenfischcd@bloglines.com
447,Delano,Weblin,dweblince@ed.gov
448,Cirilo,Brislane,cbrislanecf@feedburner.com
449,Joanie,Tunstall,jtunstallcg@fotki.com
450,Katy,Woods,kwoodsch@indiegogo.com
451,Terri,Harback,tharbackci@wikispaces.com
452,Arlen,Burchill,aburchillcj@bbc.co.uk
453,Bart,MacLise,bmacliseck@comsenz.com
454,Clayborn,Pawlick,cpawlickcl@tuttocitta.it
455,Timmi,McCoole,tmccoolecm@statcounter.com
456,Karel,Wakely,kwakelycn@addthis.com
457,Virgil,Fairall,vfairallco@tamu.edu
458,Stevana,Noell,snoellcp@ow.ly
459,Hailey,Gomes,hgomescq@cocolog-nifty.com
460,Ros,Burthom,rburthomcr@123-reg.co.uk
461,Husain,Mathan,hmathancs@fema.gov
462,Geno,Ecclesall,gecclesallct@aol.com
463,Josy,Blakelock,jblakelockcu@edublogs.org
464,Veronika,Pfeffel,vpfeffelcv@whitehouse.gov
465,Raynor,Poskitt,rposkittcw@etsy.com
466,Kingsley,Buckeridge,kbuckeridgecx@deviantart.com
467,Janey,Anstice,jansticecy@baidu.com
468,Lindie,Kener,lkenercz@dion.ne.jp
469,Chevalier,Fodden,cfoddend0@posterous.com
470,Melosa,Eustes,meustesd1@netvibes.com
471,Glyn,Leeman,gleemand2@oaic.gov.au
472,Sissie,Balmadier,sbalmadierd3@prweb.com
473,Wang,Benner,wbennerd4@theatlantic.com
474,Fraze,Flann,fflannd5@globo.com
475,Rowena,FitzAlan,rfitzaland6@hhs.gov
476,Henrik,Littlecote,hlittlecoted7@ifeng.com
477,Ruperto,Bigglestone,rbigglestoned8@ted.com
478,Amity,Manterfield,amanterfieldd9@woothemes.com
479,Nola,Kunisch,nkunischda@woothemes.com
480,Margalo,Maccrie,mmaccriedb@techcrunch.com
481,Bogey,Rossant,brossantdc@dropbox.com
482,Gualterio,Geill,ggeilldd@cam.ac.uk
483,Blythe,O'Clery,bocleryde@chicagotribune.com
484,Marya,Cossam,mcossamdf@senate.gov
485,Rudolf,Minithorpe,rminithorpedg@privacy.gov.au
486,Rutherford,Basindale,rbasindaledh@diigo.com
487,Gayle,Dobney,gdobneydi@nature.com
488,Raquela,Cauldfield,rcauldfielddj@tripadvisor.com
489,Dorolice,McClary,dmcclarydk@ox.ac.uk
490,Merill,Trathen,mtrathendl@example.com
491,Dniren,Slora,dsloradm@nytimes.com
492,Joli,Beades,jbeadesdn@live.com
493,Ezri,Fitter,efitterdo@goo.ne.jp
494,Myrtie,Conneely,mconneelydp@linkedin.com
495,Maurizia,Iddon,middondq@ifeng.com
496,Lynette,Dismore,ldismoredr@abc.net.au
497,Afton,Kopec,akopecds@bbb.org
498,Hermia,Koppeck,hkoppeckdt@blogger.com
499,Cory,Tunnacliffe,ctunnacliffedu@economist.com
500,Melisenda,Lakin,mlakindv@themeforest.net
501,Smith,Coales,scoalesdw@samsung.com
502,Viviyan,McIndrew,vmcindrewdx@nps.gov
503,Jobie,Codlin,jcodlindy@sitemeter.com
504,Bernard,Celli,bcellidz@biglobe.ne.jp
505,Betsy,Shotboult,bshotboulte0@msu.edu
506,Otis,Purdom,opurdome1@xinhuanet.com
507,Nathan,Jeary,njearye2@tmall.com
508,Drona,Bland,dblande3@arstechnica.com
509,Buffy,Yukhnin,byukhnine4@t-online.de
510,Jaime,Edes,jedese5@alibaba.com
511,Clarance,Nolli,cnollie6@xing.com
512,Alanna,O'Flynn,aoflynne7@dmoz.org
513,Zacherie,Swaddle,zswaddlee8@squarespace.com
514,Dorita,Casa,dcasae9@blogtalkradio.com
515,June,Cantor,jcantorea@google.ca
516,Kent,Durrad,kdurradeb@cnet.com
517,Ewart,Gounel,egounelec@issuu.com
518,Darryl,Baiss,dbaissed@dot.gov
519,Ozzy,Andreuzzi,oandreuzziee@howstuffworks.com
520,Claudette,Speddin,cspeddinef@stanford.edu
521,Brewster,Twelvetree,btwelvetreeeg@ning.com
522,Lurlene,Munn,lmunneh@clickbank.net
523,Debby,Borne,dborneei@ebay.com
524,Sonni,McEntee,smcenteeej@i2i.jp
525,Olivie,Rimes,orimesek@cmu.edu
526,Johan,Kiera,jkierael@t.co
527,Keelia,Picker,kpickerem@bravesites.com
528,Orin,Hallstone,ohallstoneen@so-net.ne.jp
529,Terrie,Spleving,tsplevingeo@upenn.edu
530,Flem,Richardson,frichardsonep@jugem.jp
531,Avie,Caban,acabaneq@japanpost.jp
532,Inglis,Picard,ipicarder@auda.org.au
533,Dode,Irving,dirvinges@jigsy.com
534,Marya,Maryon,mmaryonet@ning.com
535,Alain,Rose,aroseeu@tinyurl.com
536,Katuscha,Cristofalo,kcristofaloev@ucoz.ru
537,Dugald,Strelitzer,dstrelitzerew@discuz.net
538,Zahara,Dorsey,zdorseyex@facebook.com
539,Rosabel,Wehner,rwehnerey@hugedomains.com
540,Tremaine,Elvy,telvyez@cbc.ca
541,Haskel,Fishlee,hfishleef0@biblegateway.com
542,Fey,Herries,fherriesf1@chicagotribune.com
543,Inna,Prestage,iprestagef2@tumblr.com
544,Gayel,Wrathall,gwrathallf3@is.gd
545,Winfred,Niess,wniessf4@un.org
546,Chrysa,Pittson,cpittsonf5@washingtonpost.com
547,George,Mellmer,gmellmerf6@flickr.com
548,Aurlie,MacLeese,amacleesef7@accuweather.com
549,Nomi,Scothorn,nscothornf8@elegantthemes.com
550,Emilie,Edess,eedessf9@1und1.de
551,Gert,Braywood,gbraywoodfa@msn.com
552,Charmane,Wroath,cwroathfb@photobucket.com
553,Shandee,Mingay,smingayfc@biglobe.ne.jp
554,Vassili,Guinery,vguineryfd@qq.com
555,Gerrie,Melburg,gmelburgfe@craigslist.org
556,Roth,Clemenceau,rclemenceauff@home.pl
557,Tiebout,Kinneally,tkinneallyfg@auda.org.au
558,Gael,Stuckey,gstuckeyfh@timesonline.co.uk
559,Robby,Trevaskiss,rtrevaskissfi@over-blog.com
560,Lauritz,Signe,lsignefj@wix.com
561,Kelly,Kilvington,kkilvingtonfk@census.gov
562,Debbie,Rambadt,drambadtfl@free.fr
563,Olivia,Chadwyck,ochadwyckfm@webnode.com
564,Korry,Sheards,ksheardsfn@google.pl
565,Ronnica,Kinsella,rkinsellafo@e-recht24.de
566,Bessy,Boniface,bbonifacefp@elpais.com
567,Dodie,Lyle,dlylefq@miitbeian.gov.cn
568,Roy,Cordero,rcorderofr@nhs.uk
569,Tilda,Antwis,tantwisfs@example.com
570,Patrica,Manueli,pmanuelift@ed.gov
571,Carlita,Brosi,cbrosifu@mayoclinic.com
572,Obie,Arber,oarberfv@nps.gov
573,Joycelin,Ausiello,jausiellofw@sbwire.com
574,Loni,Girdler,lgirdlerfx@si.edu
575,Myra,Stoyles,mstoylesfy@ibm.com
576,Bertha,Clerke,bclerkefz@jimdo.com
577,Fredra,Spat,fspatg0@phpbb.com
578,Gianna,Whitticks,gwhitticksg1@gmpg.org
579,Nikolos,Jesteco,njestecog2@sciencedaily.com
580,Garner,Chapelle,gchapelleg3@nps.gov
581,Neddie,Brickstock,nbrickstockg4@technorati.com
582,Anallese,Mackin,amacking5@sohu.com
583,Dedie,Malamore,dmalamoreg6@hexun.com
584,Tish,Dourin,tdouring7@nifty.com
585,Salmon,Pomfrett,spomfrettg8@icq.com
586,Meghann,Yockney,myockneyg9@aol.com
587,Juli,Sprey,jspreyga@goo.ne.jp
588,Heidie,Benkin,hbenkingb@example.com
589,Page,Minister,pministergc@hud.gov
590,Merv,Axelbey,maxelbeygd@usnews.com
591,Daisi,Corsor,dcorsorge@marriott.com
592,Clemens,Edgerton,cedgertongf@nyu.edu
593,Sander,Thouless,sthoulessgg@nytimes.com
594,Nehemiah,Stillman,nstillmangh@t-online.de
595,Arvie,Brackenridge,abrackenridgegi@exblog.jp
596,Sondra,Elener,selenergj@vimeo.com
597,Eloise,Ackeroyd,eackeroydgk@yandex.ru
598,Randolf,Heazel,rheazelgl@yale.edu
599,Lezley,Dean,ldeangm@mayoclinic.com
600,Zak,Derobert,zderobertgn@wired.com
601,Valle,Baton,vbatongo@ezinearticles.com
602,Fern,Provis,fprovisgp@mozilla.org
603,Tessy,Grenkov,tgrenkovgq@ed.gov
604,Nikola,Gervaise,ngervaisegr@alibaba.com
605,Cindy,Monteaux,cmonteauxgs@123-reg.co.uk
606,Nadine,Giggie,ngiggiegt@icio.us
607,Vina,Harry,vharrygu@time.com
608,Von,McCullen,vmccullengv@pinterest.com
609,Casandra,Blease,cbleasegw@e-recht24.de
610,Amaleta,Khomishin,akhomishingx@weibo.com
611,Gay,Bygrave,gbygravegy@cbsnews.com
612,Adriane,Bastone,abastonegz@microsoft.com
613,Celestia,Simister,csimisterh0@ft.com
614,Tommie,Crayden,tcraydenh1@foxnews.com
615,La verne,Rylett,lryletth2@howstuffworks.com
616,Shelley,Cicco,sciccoh3@taobao.com
617,Cami,Coplestone,ccoplestoneh4@facebook.com
618,Orlan,Thurlbeck,othurlbeckh5@zimbio.com
619,Jen,Wolton,jwoltonh6@chronoengine.com
620,Barby,Cousin,bcousinh7@usatoday.com
621,Alli,Waghorn,awaghornh8@miibeian.gov.cn
622,Tedmund,McDell,tmcdellh9@sciencedirect.com
623,Donal,Curston,dcurstonha@pinterest.com
624,Meaghan,Krauze,mkrauzehb@cafepress.com
625,Hyacinthe,Barnard,hbarnardhc@jalbum.net
626,Peg,Lloyds,plloydshd@dedecms.com
627,Rhianna,Breckin,rbreckinhe@biglobe.ne.jp
628,Ruthanne,Dacre,rdacrehf@wsj.com
629,Ode,Swinglehurst,oswinglehursthg@meetup.com
630,Ellynn,Sands,esandshh@eepurl.com
631,Ximenes,Teissier,xteissierhi@miitbeian.gov.cn
632,Filberte,Kidds,fkiddshj@washingtonpost.com
633,Spencer,Cummins,scumminshk@live.com
634,Salli,Ilsley,silsleyhl@hud.gov
635,Trumaine,Aberdalgy,taberdalgyhm@pinterest.com
636,Dulci,Laise,dlaisehn@creativecommons.org
637,Paulo,Ormshaw,pormshawho@google.co.uk
638,Forest,Brownrigg,fbrownrigghp@japanpost.jp
639,Ann-marie,Rockwell,arockwellhq@usatoday.com
640,Philly,Cantera,pcanterahr@goo.ne.jp
641,Emmanuel,Perkinson,eperkinsonhs@narod.ru
642,Timmie,Duckworth,tduckworthht@indiegogo.com
643,Gayla,Crufts,gcruftshu@irs.gov
644,Elizabeth,Sawood,esawoodhv@wufoo.com
645,Hilliary,Gilmour,hgilmourhw@yale.edu
646,Darrelle,Ashby,dashbyhx@t.co
647,Stephenie,MacMurray,smacmurrayhy@yelp.com
648,Vittoria,Plumstead,vplumsteadhz@lulu.com
649,Kikelia,Jerromes,kjerromesi0@jigsy.com
650,Sioux,Binley,sbinleyi1@elpais.com
651,Arnoldo,Pittoli,apittolii2@mysql.com
652,Kimball,Colcutt,kcolcutti3@tmall.com
653,Marco,Junkin,mjunkini4@goo.ne.jp
654,Adele,Eldredge,aeldredgei5@ft.com
655,Nani,Baxandall,nbaxandalli6@tinypic.com
656,Dorian,Attyeo,dattyeoi7@elegantthemes.com
657,Stacey,Annon,sannoni8@wiley.com
658,Thomasin,Tzar,ttzari9@desdev.cn
659,Rois,Briance,rbrianceia@huffingtonpost.com
660,Cazzie,O'Lunny,colunnyib@mtv.com
661,Farris,Cranfield,fcranfieldic@digg.com
662,Zonda,Leber,zleberid@bloomberg.com
663,Wheeler,Blois,wbloisie@cbslocal.com
664,Erena,Hodinton,ehodintonif@symantec.com
665,Torrin,Leftridge,tleftridgeig@army.mil
666,Tedman,Robberts,trobbertsih@house.gov
667,Redford,Mintram,rmintramii@google.com.br
668,Nataline,Daniely,ndanielyij@gravatar.com
669,Marla,Bagguley,mbagguleyik@xrea.com
670,Eydie,Marien,emarienil@globo.com
671,Devinne,Causton,dcaustonim@sakura.ne.jp
672,Berget,Narracott,bnarracottin@phoca.cz
673,Evey,Bonnor,ebonnorio@chronoengine.com
674,Riccardo,Gounard,rgounardip@archive.org
675,Alec,Jobson,ajobsoniq@oracle.com
676,Corabelle,Dowse,cdowseir@ask.com
677,Fred,Pezey,fpezeyis@ft.com
678,Griffie,Charity,gcharityit@live.com
679,Toddie,Mattersey,tmatterseyiu@wikimedia.org
680,Sarita,Wapple,swappleiv@cdbaby.com
681,Florrie,Conquer,fconqueriw@dropbox.com
682,Marcy,Craise,mcraiseix@mayoclinic.com
683,Daveta,Gerwood,dgerwoodiy@bizjournals.com
684,Matty,Hefford,mheffordiz@hp.com
685,Manon,Khomich,mkhomichj0@redcross.org
686,Zilvia,Scarrott,zscarrottj1@sphinn.com
687,Erin,Elloy,eelloyj2@bloglines.com
688,La verne,Samples,lsamplesj3@t-online.de
689,Bern,Meineking,bmeinekingj4@themeforest.net
690,Juanita,Lawlings,jlawlingsj5@cisco.com
691,Luis,Early,learlyj6@jalbum.net
692,Iggie,Digwood,idigwoodj7@samsung.com
693,Tiphany,Beaument,tbeaumentj8@unblog.fr
694,Genna,Belchamp,gbelchampj9@dmoz.org
695,Saw,Van't Hoff,svanthoffja@alexa.com
696,Malvina,Jahn,mjahnjb@intel.com
697,Kathryn,Redfearn,kredfearnjc@blogs.com
698,Minda,Dilley,mdilleyjd@spiegel.de
699,Agosto,Andrzejak,aandrzejakje@hugedomains.com
700,Horacio,Clinnick,hclinnickjf@xrea.com
701,Gregorius,Kerswill,gkerswilljg@tuttocitta.it
702,Melli,Ivkovic,mivkovicjh@businesswire.com
703,Nero,Bassford,nbassfordji@wp.com
704,Penny,Thurlbeck,pthurlbeckjj@nydailynews.com
705,Farah,Graveson,fgravesonjk@furl.net
706,Lori,Huxham,lhuxhamjl@php.net
707,Kimberli,Kohen,kkohenjm@flickr.com
708,Joana,Guitt,jguittjn@rediff.com
709,Dynah,Jurn,djurnjo@cnn.com
710,Kelci,Nice,knicejp@toplist.cz
711,Adora,Saltrese,asaltresejq@wikipedia.org
712,Rosemonde,Grunwald,rgrunwaldjr@biglobe.ne.jp
713,Munroe,Bramwich,mbramwichjs@nbcnews.com
714,Mattias,Leveret,mleveretjt@time.com
715,Jarid,Othick,jothickju@alexa.com
716,Morly,Hayto,mhaytojv@qq.com
717,Misha,Chupin,mchupinjw@feedburner.com
718,Glen,Martinyuk,gmartinyukjx@discuz.net
719,Charlena,Mulholland,cmulhollandjy@ezinearticles.com
720,Delores,Sumnall,dsumnalljz@census.gov
721,Harp,Pentycost,hpentycostk0@a8.net
722,Ara,Seth,asethk1@posterous.com
723,Matthaeus,Walshe,mwalshek2@ucoz.com
724,Gwendolin,Skull,gskullk3@nationalgeographic.com
725,Hew,Liversedge,hliversedgek4@miitbeian.gov.cn
726,Willyt,Wind,wwindk5@hibu.com
727,Andras,Ros,arosk6@uiuc.edu
728,Bernadine,Daintier,bdaintierk7@amazon.co.jp
729,Anabel,Vaggs,avaggsk8@microsoft.com
730,Timmy,Tournay,ttournayk9@naver.com
731,Rebbecca,Service,rserviceka@yolasite.com
732,Eddy,Kiddell,ekiddellkb@accuweather.com
733,Cole,Sliney,cslineykc@topsy.com
734,Kirbee,Clogg,kcloggkd@amazon.co.uk
735,Dido,McNeely,dmcneelyke@sohu.com
736,Burton,Francescone,bfrancesconekf@wiley.com
737,Nevsa,Risman,nrismankg@qq.com
738,Camala,Lockhurst,clockhurstkh@so-net.ne.jp
739,Tanner,Kemitt,tkemittki@gov.uk
740,Pen,Schule,pschulekj@digg.com
741,Staci,Kubasek,skubasekkk@cnet.com
742,Der,Gadman,dgadmankl@discovery.com
743,Scott,Pittet,spittetkm@jalbum.net
744,Augustus,Alcott,aalcottkn@ucoz.ru
745,Shelly,Custy,scustyko@geocities.jp
746,Elisabet,Quenell,equenellkp@telegraph.co.uk
747,Katharina,Francisco,kfranciscokq@google.co.jp
748,Muhammad,Lorraine,mlorrainekr@live.com
749,Adolf,Sailor,asailorks@amazon.de
750,Nikolas,Kopke,nkopkekt@soundcloud.com
751,Zuzana,Filchakov,zfilchakovku@state.gov
752,Gherardo,MacAlaster,gmacalasterkv@sourceforge.net
753,Ladonna,Tombleson,ltomblesonkw@ucoz.com
754,Lionello,Chidwick,lchidwickkx@google.ca
755,Karlene,Armstrong,karmstrongky@etsy.com
756,Tally,Yarnall,tyarnallkz@wikimedia.org
757,Zulema,Sultan,zsultanl0@springer.com
758,Gerrard,Kunkel,gkunkell1@aol.com
759,Man,Allanson,mallansonl2@cmu.edu
760,Yoshiko,Gambrell,ygambrelll3@bloglines.com
761,Brewster,Measor,bmeasorl4@msu.edu
762,Angelica,Rubinovici,arubinovicil5@360.cn
763,Maurice,Breinl,mbreinll6@archive.org
764,Golda,Dewick,gdewickl7@delicious.com
765,Melina,Dwyer,mdwyerl8@google.co.uk
766,Ive,Kondrat,ikondratl9@constantcontact.com
767,Cora,Kave,ckavela@blogspot.com
768,Kara,Garnsworth,kgarnsworthlb@go.com
769,Kaila,Redwood,kredwoodlc@java.com
770,Carin,Grayne,cgrayneld@odnoklassniki.ru
771,Sim,Pikhno,spikhnole@bizjournals.com
772,Joline,Eskrick,jeskricklf@oakley.com
773,Westbrook,Westney,wwestneylg@google.de
774,Terri,Cristou,tcristoulh@behance.net
775,Katine,Coulling,kcoullingli@examiner.com
776,Rourke,Edgerton,redgertonlj@washington.edu
777,Margaretha,Bricklebank,mbricklebanklk@zdnet.com
778,Johann,MacRitchie,jmacritchiell@bizjournals.com
779,Ivonne,O'Monahan,iomonahanlm@ebay.com
780,Lowell,Filipponi,lfilipponiln@nba.com
781,Anna-maria,Choffin,achoffinlo@sogou.com
782,Calv,Huckstepp,chuckstepplp@amazon.de
783,Camile,MacCallam,cmaccallamlq@hostgator.com
784,Laurianne,Audsley,laudsleylr@photobucket.com
785,Lorne,Hartford,lhartfordls@bravesites.com
786,Dory,Jancic,djanciclt@timesonline.co.uk
787,Rosaleen,Dawks,rdawkslu@marriott.com
788,Ware,Ebsworth,websworthlv@imdb.com
789,Stephen,Camelli,scamellilw@redcross.org
790,Krystalle,Lister,klisterlx@yellowpages.com
791,Winnah,Danhel,wdanhelly@bigcartel.com
792,Birgitta,Puleque,bpulequelz@virginia.edu
793,Tucker,Tomney,ttomneym0@amazon.com
794,Ardyth,Osman,aosmanm1@cdbaby.com
795,Meggy,Isabell,misabellm2@dot.gov
796,Avram,Cowup,acowupm3@yandex.ru
797,Suzanne,Astin,sastinm4@feedburner.com
798,Wylma,Gothup,wgothupm5@yahoo.co.jp
799,Moss,Darlow,mdarlowm6@hibu.com
800,Stacey,Gulberg,sgulbergm7@fema.gov
801,Gerardo,Faustian,gfaustianm8@ehow.com
802,Faun,Prestidge,fprestidgem9@ameblo.jp
803,Melody,Reddle,mreddlema@google.com.au
804,Chicky,Mougeot,cmougeotmb@java.com
805,Rosabelle,Beddard,rbeddardmc@deliciousdays.com
806,Ainslie,Fearneley,afearneleymd@marketwatch.com
807,Antonetta,Sawart,asawartme@artisteer.com
808,Elwira,Gruszecki,egruszeckimf@reuters.com
809,Chet,Duffield,cduffieldmg@istockphoto.com
810,Gregor,Denyagin,gdenyaginmh@va.gov
811,Maje,Brydson,mbrydsonmi@blog.com
812,Pam,Buddock,pbuddockmj@elpais.com
813,Silvana,Belchamp,sbelchampmk@ted.com
814,Brigham,Tulk,btulkml@netvibes.com
815,Garvy,Askem,gaskemmm@issuu.com
816,Belita,Sacher,bsachermn@list-manage.com
817,Jenny,Linkin,jlinkinmo@mail.ru
818,Bekki,Johnston,bjohnstonmp@wordpress.com
819,Justis,McSaul,jmcsaulmq@github.io
820,Bobinette,Elrick,belrickmr@exblog.jp
821,Bebe,Hallstone,bhallstonems@nyu.edu
822,Hamid,Cowpertwait,hcowpertwaitmt@businessweek.com
823,Berky,Burkhill,bburkhillmu@hibu.com
824,Woody,Benjefield,wbenjefieldmv@auda.org.au
825,Regan,McCorrie,rmccorriemw@over-blog.com
826,Sula,Banbrook,sbanbrookmx@pcworld.com
827,Estel,Sindle,esindlemy@ca.gov
828,Rowan,Amery,ramerymz@google.co.uk
829,Chantal,Featonby,cfeatonbyn0@parallels.com
830,Randene,Oswell,roswelln1@bbc.co.uk
831,Larissa,Munnion,lmunnionn2@photobucket.com
832,Sibelle,Ashton,sashtonn3@bing.com
833,Jobye,Mc Carroll,jmccarrolln4@unc.edu
834,Margarette,Enever,menevern5@narod.ru
835,Karlan,De Courtney,kdecourtneyn6@exblog.jp
836,Charlena,Miner,cminern7@elegantthemes.com
837,Tommie,Vigar,tvigarn8@spiegel.de
838,Millicent,Stabbins,mstabbinsn9@mozilla.com
839,Thelma,Dower,tdowerna@scientificamerican.com
840,Merlina,Clace,mclacenb@apache.org
841,Vaclav,Crocombe,vcrocombenc@fastcompany.com
842,Marijo,McKeveney,mmckeveneynd@google.com.au
843,Madlin,Binnes,mbinnesne@google.cn
844,Adiana,Cluse,aclusenf@artisteer.com
845,Cindi,MacHoste,cmachosteng@omniture.com
846,Demetris,Tonks,dtonksnh@icq.com
847,Tommie,Lamble,tlambleni@phoca.cz
848,Lucian,Chatainier,lchatainiernj@apache.org
849,Ennis,Wickie,ewickienk@sohu.com
850,Weider,Kliche,wklichenl@theatlantic.com
851,Ellissa,Nobbs,enobbsnm@wikipedia.org
852,Adriane,Trenholm,atrenholmnn@oakley.com
853,Kerk,Mabb,kmabbno@tmall.com
854,Lilas,Winter,lwinternp@oracle.com
855,Farra,Wigley,fwigleynq@nbcnews.com
856,Raye,Willavoys,rwillavoysnr@ebay.co.uk
857,Rafferty,Elphinstone,relphinstonens@google.co.uk
858,Chrissy,Chastenet,cchastenetnt@cloudflare.com
859,Justina,Rasper,jraspernu@ebay.com
860,Andria,Jantzen,ajantzennv@pagesperso-orange.fr
861,Danyelle,Wooff,dwooffnw@mozilla.com
862,Cloe,McKerton,cmckertonnx@unicef.org
863,Gabriel,Lillow,glillowny@ovh.net
864,Romeo,Hissie,rhissienz@scientificamerican.com
865,Kirbie,Fidgeon,kfidgeono0@adobe.com
866,Kimberlee,Vuitte,kvuitteo1@w3.org
867,Jobye,Aimer,jaimero2@prweb.com
868,Idell,Hallihan,ihallihano3@hc360.com
869,Lewes,Yaknov,lyaknovo4@ed.gov
870,Jeno,Fildes,jfildeso5@4shared.com
871,Allissa,Thynne,athynneo6@springer.com
872,Kelbee,Menlove,kmenloveo7@blogger.com
873,Adelind,Schuelcke,aschuelckeo8@hugedomains.com
874,Gary,Huet,ghueto9@patch.com
875,Merilyn,Caghy,mcaghyoa@psu.edu
876,Chandler,Merrison,cmerrisonob@nifty.com
877,Alisun,Meese,ameeseoc@google.de
878,Trueman,Worrell,tworrellod@xrea.com
879,Sebastian,Williscroft,swilliscroftoe@sfgate.com
880,Marilin,Barkaway,mbarkawayof@drupal.org
881,Chase,Chieze,cchiezeog@xrea.com
882,Jeri,Gethings,jgethingsoh@nba.com
883,Cross,Siemens,csiemensoi@jugem.jp
884,Chicky,Paschek,cpaschekoj@omniture.com
885,Nehemiah,Grane,ngraneok@nbcnews.com
886,Tomasine,Langran,tlangranol@va.gov
887,Ephrayim,Abley,eableyom@telegraph.co.uk
888,Benton,Chisman,bchismanon@utexas.edu
889,Mallory,Haydock,mhaydockoo@cdc.gov
890,Enrichetta,Moulster,emoulsterop@yahoo.com
891,Patric,Madelin,pmadelinoq@usatoday.com
892,Bondie,Lewsy,blewsyor@over-blog.com
893,Yevette,Pipe,ypipeos@jugem.jp
894,Hannie,Oldacre,holdacreot@cam.ac.uk
895,Clyve,Ditch,cditchou@wikia.com
896,Vassili,Thibodeaux,vthibodeauxov@icio.us
897,Nilson,Mirando,nmirandoow@reverbnation.com
898,Norry,Wolstencroft,nwolstencroftox@fastcompany.com
899,Tamara,Tudor,ttudoroy@theatlantic.com
900,Agustin,Donativo,adonativooz@hao123.com
901,Ibbie,McCory,imccoryp0@hp.com
902,Shea,Whiskerd,swhiskerdp1@youtube.com
903,Jimmy,Pattie,jpattiep2@reference.com
904,Valaree,Cubbino,vcubbinop3@clickbank.net
905,Gusta,Orring,gorringp4@nih.gov
906,Rosita,Tiddeman,rtiddemanp5@livejournal.com
907,Ulberto,Colt,ucoltp6@admin.ch
908,Chrisy,Todhunter,ctodhunterp7@photobucket.com
909,Rosaline,Crake,rcrakep8@ibm.com
910,Rhodie,Victor,rvictorp9@disqus.com
911,Samson,McEneny,smcenenypa@google.com.au
912,Terrie,Labusquiere,tlabusquierepb@ustream.tv
913,Lalo,Mc Curlye,lmccurlyepc@mozilla.com
914,Aleen,Bowyer,abowyerpd@zimbio.com
915,Andy,Hubery,ahuberype@hubpages.com
916,Donia,Nutt,dnuttpf@fc2.com
917,Aldin,Guerriero,aguerrieropg@meetup.com
918,Pavia,Sinden,psindenph@weibo.com
919,Bayard,Faulks,bfaulkspi@ted.com
920,Reinald,Harradence,rharradencepj@miitbeian.gov.cn
921,Barris,Sorrell,bsorrellpk@about.me
922,Ettie,Waison,ewaisonpl@msu.edu
923,Nike,Gerlts,ngerltspm@google.co.uk
924,Candie,Thiem,cthiempn@yandex.ru
925,Selie,Prescott,sprescottpo@jiathis.com
926,Fay,Clyne,fclynepp@dailymotion.com
927,Christel,McKeeman,cmckeemanpq@multiply.com
928,Wendi,Bulward,wbulwardpr@baidu.com
929,Ariela,Crellim,acrellimps@weebly.com
930,Lillian,Donisi,ldonisipt@phoca.cz
931,Teddy,Pavluk,tpavlukpu@wisc.edu
932,Eberto,McNay,emcnaypv@chronoengine.com
933,Elladine,Borland,eborlandpw@ihg.com
934,Dukie,Cory,dcorypx@last.fm
935,Carmon,Brayne,cbraynepy@bizjournals.com
936,Paulie,Itzkovitch,pitzkovitchpz@flickr.com
937,Jule,Stable,jstableq0@ihg.com
938,Myrtice,Baumadier,mbaumadierq1@usa.gov
939,Daven,Ingliss,dinglissq2@wp.com
940,Marve,Clapham,mclaphamq3@nyu.edu
941,Sigismond,Pillans,spillansq4@yellowpages.com
942,Finn,Gatfield,fgatfieldq5@va.gov
943,Genny,Rathjen,grathjenq6@sitemeter.com
944,Reilly,Arlett,rarlettq7@dailymail.co.uk
945,Lissi,Inglesent,linglesentq8@ucoz.com
946,Audrie,Wrout,awroutq9@biblegateway.com
947,Laurene,Everton,levertonqa@xrea.com
948,Vale,Cranmere,vcranmereqb@elpais.com
949,Haily,Strowlger,hstrowlgerqc@networkadvertising.org
950,Lennard,Ayscough,layscoughqd@trellian.com
951,Rossy,Imbrey,rimbreyqe@virginia.edu
952,Dale,Arnaez,darnaezqf@springer.com
953,Westbrooke,Trowel,wtrowelqg@example.com
954,Luciana,Grigorescu,lgrigorescuqh@plala.or.jp
955,Julian,Nudd,jnuddqi@fastcompany.com
956,Gerti,Fretson,gfretsonqj@booking.com
957,Tadeas,Culcheth,tculchethqk@infoseek.co.jp
958,Woodrow,Mulqueeny,wmulqueenyql@bloomberg.com
959,Harriett,McKiddin,hmckiddinqm@dyndns.org
960,Oralia,Bowld,obowldqn@qq.com
961,Hadrian,Ceeley,hceeleyqo@amazon.co.jp
962,Ruthy,Brimacombe,rbrimacombeqp@sbwire.com
963,Lefty,Jansik,ljansikqq@parallels.com
964,Ralina,Paylie,rpaylieqr@t-online.de
965,Lemar,McOrkill,lmcorkillqs@sakura.ne.jp
966,Drugi,Vamplus,dvamplusqt@wufoo.com
967,Sybille,Wrightem,swrightemqu@csmonitor.com
968,Addie,Borrow,aborrowqv@bluehost.com
969,De,Antognelli,dantognelliqw@gov.uk
970,Donetta,Randlesome,drandlesomeqx@businessinsider.com
971,Gregoire,Favell,gfavellqy@gnu.org
972,Hastie,Clinkard,hclinkardqz@blogs.com
973,Dollie,Birkenhead,dbirkenheadr0@eventbrite.com
974,Kristyn,Yurkin,kyurkinr1@vinaora.com
975,Osmond,Gounard,ogounardr2@deliciousdays.com
976,Phyllis,Aggs,paggsr3@oakley.com
977,Teodorico,Farreil,tfarreilr4@sohu.com
978,Cayla,Mawdsley,cmawdsleyr5@answers.com
979,Silvester,Finnie,sfinnier6@seesaa.net
980,Stuart,Tillot,stillotr7@soundcloud.com
981,Rubina,Hue,rhuer8@gov.uk
982,Shela,Gerald,sgeraldr9@cam.ac.uk
983,Marianna,Rozenbaum,mrozenbaumra@stanford.edu
984,Mitchael,Thickpenny,mthickpennyrb@theguardian.com
985,Quincy,Dyshart,qdyshartrc@slate.com
986,Rafa,Dinsdale,rdinsdalerd@nature.com
987,Lilla,Stannard,lstannardre@cafepress.com
988,Annora,Grzegorecki,agrzegoreckirf@whitehouse.gov
989,Brocky,Dorbon,bdorbonrg@purevolume.com
990,Dave,Spere,dspererh@parallels.com
991,Abey,Card,acardri@cloudflare.com
992,Skippie,Potten,spottenrj@hatena.ne.jp
993,Jobie,Arnot,jarnotrk@mozilla.com
994,Janella,Senyard,jsenyardrl@mysql.com
995,Richy,Hugueville,rhuguevillerm@flickr.com
996,Cherish,Emblow,cemblowrn@china.com.cn
997,Waiter,Order,worderro@shinystat.com
998,Janaye,Ninotti,jninottirp@google.ca
999,Arlyn,Brandes,abrandesrq@github.io
1000,Luelle,Reubens,lreubensrr@ocn.ne.jp
